{"cameraMode":{"drawMode":0,"name":"Shaded","section":"Shading Mode"},"sceneLighting":true,"audioPlay":false,"sceneViewState":{"m_AlwaysRefresh":false,"showFog":true,"showSkybox":true,"showFlares":true,"showImageEffects":true,"showParticleSystems":true,"showVisualEffectGraphs":true,"m_FxEnabled":true},"in2DMode":false,"pivot":{"x":1255.7933349609375,"y":390.75994873046877,"z":2168.682373046875},"rotation":{"x":0.004034323152154684,"y":0.9884111285209656,"z":0.026693575084209443,"w":-0.149383544921875},"size":486.309326171875,"orthographic":true}